area_m2,distance_km,rent_million_vnd
30.0,10.0,2.2523585398772155
35.0,9.0,2.5300079468797527
40.0,8.0,4.375225597903229
45.0,8.0,5.070282358195606
50.0,7.0,4.574482405673082
55.0,6.0,5.848910246568841
60.0,6.0,7.163920201583642
70.0,5.0,8.49187870382821
80.0,4.0,10.191599421247854
90.0,3.0,11.32347803621321
100.0,3.0,13.389698987431414
110.0,2.0,14.888895967714474
120.0,2.0,15.733015348780608
130.0,1.5,17.638620603484014
150.0,1.0,19.88375467112602
